tab4,ProxyID,MapMathRitF13,MapMathRitW14,MapMathRitS14,MapMathPerclF13,MapMathPerclW14,MapMathPerclS14,MapReadRitF13,MapReadRitW14,MapReadRitS14,MapReadPerclF13,MapReadPerclW14,MapReadPerclS14
4) MAP,3001751,175,177,190,82,64,81,165,182,184,64,80,69
4) MAP,3001759,166,174,,59,55,,180,178,,94,71,
4) MAP,3003751,154,152,163,26,6,10,149,163,157,19,28,9
4) MAP,3005781,170,178,187,70,67,74,167,170,183,70,48,66
4) MAP,3006735,149,156,178,67,66,92,153,151,166,83,50,76
4) MAP,3013750,136,141,155,25,22,38,134,,157,21,,48
4) MAP,3014714,177,,,85,,,177,,,90,,
4) MAP,3016744,212,222,224,73,84,79,187,198,204,19,36,42
4) MAP,3018732,,131,146,,6,16,125,127,140,5,1,7
4) MAP,3020717,172,,190,32,,46,152,,176,6,,18
4) MAP,3021733,147,154,158,61,60,47,146,158,157,62,74,48
4) MAP,3026749,208,213,217,36,37,39,216,209,210,73,48,44
4) MAP,3027752,202,200,208,22,11,19,199,208,212,28,45,49
4) MAP,3039412,149,,158,67,,47,141,,153,44,,34
4) MAP,3041752,180,188,193,56,58,55,187,186,196,76,56,67
4) MAP,3042715,166,143,177,17,1,13,143,144,149,2,1,1
4) MAP,3042789,188,192,210,78,70,93,165,180,194,24,40,62
4) MAP,3042796,125,143,155,5,27,38,124,142,152,4,20,31
4) MAP,3044745,174,185,193,80,84,86,190,190,198,99,93,93
4) MAP,3044789,222,,219,42,,26,175,,199,1,,7
4) MAP,3056791,138,153,156,31,57,41,134,148,157,21,39,48
4) MAP,3057755,157,164,171,33,26,26,156,168,185,37,42,71
4) MAP,3058714,200,191,209,95,67,92,186,181,202,74,43,80
4) MAP,3067737,196,191,201,28,9,21,183,198,194,12,36,18
4) MAP,3070758,157,169,197,33,40,92,165,175,201,64,63,95
4) MAP,3089757,147,149,167,12,3,17,151,151,168,23,7,27
4) MAP,3094412,135,138,150,23,15,25,126,142,144,6,20,12
4) MAP,3094732,,,200,,,99,,,200,,,99
4) MAP,3098755,175,182,192,82,77,85,164,171,190,61,51,81
4) MAP,3116780,162,197,201,48,97,96,157,183,186,40,82,73
4) MAP,3118786,173,184,195,77,82,90,169,176,183,75,65,66
4) MAP,3120780,181,182,195,4,2,11,174,192,205,4,21,45
4) MAP,3123751,151,156,167,19,10,17,153,149,173,28,5,39
4) MAP,3129780,181,,204,19,,53,182,171,190,30,5,26
4) MAP,3131751,173,180,187,77,72,74,174,187,190,86,89,81
4) MAP,3137757,,,169,,,22,147,,162,15,,15
4) MAP,3138745,189,,194,1,,2,196,,193,8,,3
4) MAP,3144745,181,183,177,59,42,13,185,184,179,72,51,24
4) MAP,3145714,154,159,176,3,2,11,151,168,199,5,15,74
4) MAP,3155750,150,164,171,17,26,26,145,151,171,12,7,34
4) MAP,3156745,196,,200,62,,41,194,206,198,61,78,47
4) MAP,3157411,,193,181,,1,1,,156,177,,1,1
4) MAP,3159754,214,216,216,53,45,37,208,198,204,53,20,28
4) MAP,3167412,,153,162,,57,59,144,154,165,55,61,73
4) MAP,3168417,129,146,162,10,35,59,132,138,148,16,12,20
4) MAP,3172742,205,209,226,29,27,63,200,207,213,31,42,52
4) MAP,3172795,,,164,,,64,,,164,,,70
4) MAP,3174742,190,,185,82,,31,169,,199,33,,74
4) MAP,3175418,,191,210,,9,43,,186,204,,11,42
4) MAP,3180748,139,142,167,34,24,72,130,152,162,12,54,64
4) MAP,3182758,186,194,198,96,95,93,190,208,201,99,99,95
4) MAP,3183733,,,170,,,79,,,168,,,81
4) MAP,3185715,193,192,203,87,70,82,185,207,209,72,94,90
4) MAP,3199746,207,,225,88,,95,197,203,212,68,72,81
4) MAP,3200412,200,207,201,18,23,9,196,200,197,22,24,14
4) MAP,3205411,,207,219,,45,68,,203,215,,49,72
4) MAP,3205749,216,,227,97,,97,197,,216,68,,88
4) MAP,3219793,175,177,199,40,25,73,155,154,157,9,2,1
4) MAP,3223749,235,,250,71,,87,237,,234,93,,84
4) MAP,3226755,153,166,177,24,31,44,146,154,159,13,11,11
4) MAP,3231738,131,140,166,1,1,15,126,140,149,1,1,3
4) MAP,3244718,186,180,188,9,2,4,168,182,181,1,7,3
4) MAP,3255412,,,167,,,72,,,159,,,54
4) MAP,3257412,214,217,222,36,35,41,206,215,218,33,52,54
4) MAP,3259412,,,133,,,2,,,130,,,1
4) MAP,3262783,168,172,179,22,14,16,165,176,171,24,30,11
4) MAP,3263412,168,188,186,65,89,71,171,183,186,80,82,73
4) MAP,3270412,187,192,191,3,4,2,199,192,193,28,10,9
4) MAP,3271732,,,,,,,,,160,,,58
4) MAP,3281712,164,,178,14,,14,173,,201,43,,78
4) MAP,3284741,,201,,,12,,,194,,,13,
4) MAP,3285781,174,190,198,37,64,70,179,188,193,58,62,59
4) MAP,3286419,129,,151,10,,27,127,143,147,7,23,18
4) MAP,3288412,148,,174,14,,35,144,146,174,10,3,42
4) MAP,3289746,117,,117,1,,1,119,,131,1,,1
4) MAP,3291749,226,251,256,40,85,89,231,,237,78,,84
4) MAP,3294756,,,,,,,225,,,59,,
4) MAP,3295780,,173,180,,52,53,156,171,186,37,51,73
4) MAP,3295781,158,173,186,36,52,71,147,161,178,15,23,53
4) MAP,3300733,,,169,,,77,,,170,,,85
4) MAP,3304795,,167,179,,90,93,,157,175,,71,93
4) MAP,3308780,125,,147,5,,18,145,153,153,59,57,34
4) MAP,3310790,163,167,176,94,90,90,146,168,170,62,94,85
4) MAP,3315739,,,,,,,,,136,,,3
4) MAP,3323790,154,162,176,80,82,90,147,161,175,66,82,93
4) MAP,3326788,196,205,217,28,39,63,210,214,201,76,78,34
4) MAP,3326795,142,153,165,44,57,67,137,155,162,30,64,64
4) MAP,3329758,130,139,160,12,17,53,132,145,157,16,29,48
4) MAP,3330782,187,190,194,75,64,59,173,179,181,43,38,28
4) MAP,3331735,148,163,180,64,84,94,142,,168,48,,81
4) MAP,3337782,178,186,203,49,52,82,163,173,182,20,24,30
4) MAP,3338782,199,207,211,36,45,46,187,192,203,19,21,40
4) MAP,3343419,177,188,200,46,58,76,157,182,197,11,46,69
4) MAP,3345790,162,171,174,93,95,87,163,180,193,97,99,99
4) MAP,3346780,157,171,184,33,46,65,163,166,177,58,36,50
4) MAP,3352758,154,163,168,26,23,19,154,164,165,31,31,21
4) MAP,3358417,204,,211,10,,13,211,,222,35,,56
4) MAP,3362713,173,,192,34,,52,158,,175,12,,16
4) MAP,3363412,129,139,156,10,17,41,140,,149,40,,23
4) MAP,3368742,167,170,171,19,11,5,173,183,190,43,48,51
4) MAP,3377413,,,,,,,,,142,,,9
4) MAP,3378739,,,194,,,99,,,177,,,95
4) MAP,3382413,146,153,165,57,57,67,,146,143,,32,11
4) MAP,3383413,155,163,170,4,4,4,150,154,164,5,2,4
4) MAP,3384752,159,180,187,39,72,74,144,157,174,10,15,42
4) MAP,3386730,138,145,154,31,32,35,141,140,154,44,16,38
4) MAP,3387411,,214,226,,65,83,,205,210,,55,59
4) MAP,3387413,228,,,37,,,206,,,15,,
4) MAP,3389413,143,163,179,7,23,50,152,156,160,26,14,12
4) MAP,3389751,188,187,203,97,87,97,198,193,207,99,95,98
4) MAP,3394785,234,,,69,,,224,,,71,,
4) MAP,3401786,209,,201,16,,5,197,,203,9,,12
4) MAP,3406739,,,157,,,44,,,156,,,44
4) MAP,3407732,,,173,,,85,,,181,,,98
4) MAP,3420796,130,129,155,12,4,38,131,137,138,14,10,5
4) MAP,3422796,,,,,,,,,162,,,64
4) MAP,3424419,237,246,250,,68,77,206,194,207,,2,16
4) MAP,3426712,178,,197,49,,68,182,,203,65,,82
4) MAP,3426747,174,188,195,80,89,90,170,193,195,78,95,89
4) MAP,3426796,132,167,177,16,90,91,131,140,163,14,16,67
4) MAP,3428796,,,,,,,,,149,,,23
4) MAP,3429749,169,170,179,24,11,16,164,175,178,22,28,22
4) MAP,3434742,196,205,207,12,19,17,212,206,210,63,39,44
4) MAP,3436750,211,212,220,71,60,70,188,195,198,20,28,27
4) MAP,3437733,142,141,157,44,22,44,134,145,152,21,29,31
4) MAP,3440786,182,174,202,62,18,80,190,193,191,82,74,54
4) MAP,3441795,132,136,163,16,12,62,128,147,160,8,36,58
4) MAP,3443796,,,164,,,64,,,149,,,23
4) MAP,3444742,221,,222,54,,41,200,,163,20,,1
4) MAP,3444796,131,,155,14,,38,118,,135,1,,3
4) MAP,3448796,,,172,,,84,,,158,,,51
4) MAP,3449796,149,158,169,67,72,77,139,,167,37,,79
4) MAP,3458757,174,,194,80,,88,173,,185,84,,71
4) MAP,3459417,159,163,177,90,84,91,153,164,185,83,88,99
4) MAP,3462796,137,158,170,28,72,79,140,144,164,40,26,70
4) MAP,3463788,176,199,201,83,98,96,182,191,194,96,94,88
4) MAP,3464734,150,167,174,17,34,35,152,167,186,26,39,73
4) MAP,3464737,150,151,169,70,51,77,142,155,159,48,64,54
4) MAP,3464749,182,192,200,62,70,76,167,187,191,28,59,54
4) MAP,3468413,187,203,205,10,34,30,178,181,188,6,6,9
4) MAP,3472719,205,204,205,98,93,86,206,210,216,97,96,96
4) MAP,3474795,,,159,,,50,,,177,,,95
4) MAP,3479715,,178,188,,27,40,,171,182,,20,30
4) MAP,3482715,162,175,183,11,20,25,165,181,185,24,43,38
4) MAP,3485418,,141,140,,1,1,,120,128,,1,1
4) MAP,3489742,160,178,183,8,27,25,160,159,164,15,5,4
4) MAP,3490793,223,,229,59,,58,221,,228,73,,79
4) MAP,3492419,155,159,173,82,75,85,148,,160,69,,58
4) MAP,3494752,166,,192,17,,52,167,,195,28,,64
4) MAP,3494789,162,188,186,48,89,71,163,,178,58,,53
4) MAP,3498793,227,,231,68,,63,225,,225,81,,72
4) MAP,3501417,258,,269,95,,97,244,,250,95,,97
4) MAP,3501780,215,,223,38,,44,226,,212,83,,38
4) MAP,3502417,261,,259,99,,98,245,,245,99,,97
4) MAP,3502780,208,203,214,63,34,54,196,217,212,40,84,65
4) MAP,3504417,182,196,201,62,80,78,188,192,197,78,72,69
4) MAP,3523746,230,,,50,,,222,,,57,,
4) MAP,3525413,177,,,2,,,175,,,4,,
4) MAP,3533758,209,,230,99,,99,197,,200,99,,94
4) MAP,3538417,217,218,222,61,51,53,219,220,216,80,77,60
4) MAP,3541796,163,,178,94,,92,159,,166,93,,76
4) MAP,3544413,,206,219,,10,26,,172,194,,1,4
4) MAP,3544792,157,168,168,33,37,19,156,168,164,37,42,19
4) MAP,3548758,153,161,168,24,19,19,149,,157,19,,9
4) MAP,3552411,,171,183,,46,62,,162,179,,26,56
4) MAP,3553411,,,230,,,61,,,225,,,72
4) MAP,3554411,,,230,,,40,,,230,,,70
4) MAP,3563742,170,178,196,26,27,65,152,165,193,6,10,59
4) MAP,3580749,211,215,221,71,68,73,193,197,207,32,33,51
4) MAP,3581757,174,,184,80,,65,167,,176,70,,48
4) MAP,3581795,138,143,163,31,27,62,141,136,163,44,8,67
4) MAP,3582788,198,207,216,99,99,99,190,199,205,99,98,97
4) MAP,3595750,140,152,170,5,6,24,144,149,168,10,5,27
4) MAP,3600411,,142,,,24,,,140,151,,16,28
4) MAP,3600795,,149,157,,45,44,,149,150,,43,26
4) MAP,3604741,171,170,186,29,11,34,159,188,174,14,62,15
4) MAP,3607411,,171,187,,46,74,,160,183,,21,66
4) MAP,3608798,130,137,148,12,14,20,131,149,154,14,43,38
4) MAP,3612732,141,145,158,41,32,47,142,148,156,48,39,44
4) MAP,3612788,236,,244,86,,87,221,,231,73,,84
4) MAP,3613791,147,149,170,61,45,79,139,150,158,37,46,51
4) MAP,3614788,226,,232,66,,66,216,,217,60,,52
4) MAP,3614790,204,,,6,,,205,,,17,,
4) MAP,3623718,184,177,185,67,25,31,173,180,183,43,40,33
4) MAP,3623749,186,186,195,73,52,62,185,179,184,72,38,35
4) MAP,3628413,203,213,215,24,37,34,207,199,212,50,22,49
4) MAP,3633714,178,182,184,13,39,28,175,183,181,16,48,28
4) MAP,3637713,180,179,198,56,30,70,170,172,180,35,22,26
4) MAP,3644747,,194,,,,,,160,,,,
4) MAP,3645712,210,,218,92,,87,210,210,216,91,86,88
4) MAP,3645796,228,228,235,37,35,47,173,184,195,1,1,4
4) MAP,3646757,163,177,185,51,64,68,158,162,180,43,26,58
4) MAP,3651737,158,173,194,36,52,88,137,161,160,3,23,12
4) MAP,3660714,166,165,185,17,5,31,157,166,174,11,12,15
4) MAP,3663412,161,172,174,9,14,8,154,172,180,31,22,26
4) MAP,3663794,130,130,161,12,5,56,134,141,149,21,18,23
4) MAP,3664412,183,,204,23,,53,165,180,189,5,16,24
4) MAP,3664758,145,150,162,9,4,9,144,153,164,10,9,19
4) MAP,3665419,219,,226,35,,40,175,,171,1,,1
4) MAP,3665795,160,,168,91,,75,150,,159,75,,54
4) MAP,3666412,148,169,183,1,9,25,132,153,161,1,2,3
4) MAP,3667757,170,189,188,70,90,76,163,180,190,58,76,81
4) MAP,3669412,136,136,150,2,12,25,131,148,150,1,39,26
4) MAP,3674757,156,160,167,31,17,17,152,161,165,26,23,21
4) MAP,3676419,179,171,158,1,1,,151,157,167,1,1,
4) MAP,3677744,130,129,130,12,4,1,131,134,135,14,6,3
4) MAP,3678413,161,169,180,45,40,53,146,161,186,13,23,73
4) MAP,3678744,,,136,,,4,,,143,,,11
4) MAP,3679744,134,140,151,20,20,27,131,141,150,14,18,26
4) MAP,3688413,,200,215,,3,13,,169,158,,1,1
4) MAP,3692713,180,,203,56,,82,167,,192,28,,56
4) MAP,3693419,222,215,231,26,14,39,192,206,212,2,13,24
4) MAP,3693794,139,146,153,34,35,32,137,141,153,30,18,34
4) MAP,3694757,179,185,184,88,84,65,172,168,189,82,42,80
4) MAP,3695757,142,156,166,6,10,15,152,152,173,26,8,39
4) MAP,3704741,160,175,178,42,58,47,151,171,159,23,51,11
4) MAP,3705755,176,190,,83,91,,,168,,,42,
4) MAP,3714780,227,,232,68,,66,226,,239,83,,94
4) MAP,3716411,,,220,,,20,,156,182,,1,1
4) MAP,3721796,,,168,,,75,,,163,,,67
4) MAP,3726714,200,204,206,95,93,88,217,207,214,99,94,95
4) MAP,3730417,149,173,,1,1,,133,149,,1,1,
4) MAP,3737417,128,159,,1,1,,124,146,,1,1,
4) MAP,3738417,124,142,,1,1,,127,143,,1,1,
4) MAP,3740751,187,182,202,96,77,96,191,203,197,99,99,92
4) MAP,3764798,176,,182,83,,59,165,,170,64,,32
4) MAP,3766794,209,,207,25,,12,,,192,,,5
4) MAP,3775735,,,159,,,50,,,156,,,44
4) MAP,3780757,144,,190,8,,81,158,,174,43,,42
4) MAP,3782750,170,170,184,70,43,65,163,175,186,58,63,73
4) MAP,3782757,172,,206,75,,98,173,,190,84,,81
4) MAP,3782796,,,169,,,77,,,165,,,73
4) MAP,3785411,,,,,,,,142,,,1,
4) MAP,3785790,136,143,160,25,27,53,142,152,158,48,54,51
4) MAP,3792743,142,147,173,44,38,85,132,149,159,16,43,54
4) MAP,3796413,,134,143,,1,1,,123,153,,1,1
4) MAP,3802716,172,,189,75,,78,171,,183,80,,66
4) MAP,3807419,,,152,,,30,,,150,,,26
4) MAP,3813412,197,,200,65,,41,176,187,195,18,30,39
4) MAP,3815730,175,,199,9,,38,173,186,203,13,28,60
4) MAP,3817712,159,184,196,7,45,65,161,164,188,17,9,46
4) MAP,3817790,,,138,,,6,,,136,,,3
4) MAP,3819753,186,,208,96,,99,190,,196,99,,90
4) MAP,3824746,125,,,1,,,122,,,1,,
4) MAP,3828411,,156,167,,10,17,,151,161,,7,14
4) MAP,3830712,209,,216,65,,60,188,,192,20,,15
4) MAP,3832712,158,,183,1,,1,194,,161,6,,1
4) MAP,3846749,217,224,222,30,40,31,208,219,225,28,52,64
4) MAP,3853780,152,167,179,21,34,50,159,172,189,46,54,80
4) MAP,3862758,188,196,195,97,97,90,184,197,194,97,98,88
4) MAP,3864745,,,134,,,1,,,135,,,1
4) MAP,3867780,144,146,168,51,35,75,,143,161,,23,61
4) MAP,3875753,134,157,166,2,12,15,128,158,160,1,17,12
4) MAP,3878417,236,,234,73,,58,213,,220,41,,51
4) MAP,3878788,172,181,190,75,75,81,179,168,184,93,42,69
4) MAP,3881412,201,,211,76,,73,215,210,210,95,86,77
4) MAP,3884741,162,,167,11,,3,155,,165,9,,5
4) MAP,3884780,163,167,182,51,34,59,150,167,178,21,39,53
4) MAP,3884790,190,195,180,1,1,1,168,169,125,1,1,1
4) MAP,3885739,136,143,159,25,27,50,134,139,152,21,14,31
4) MAP,3889713,149,160,181,1,2,21,151,153,173,5,2,13
4) MAP,3890418,,,180,,,94,,,173,,,90
4) MAP,3891782,175,186,196,82,86,91,168,180,194,73,76,88
4) MAP,3893788,221,228,228,91,92,86,178,190,208,6,17,54
4) MAP,3894758,185,,215,95,,99,175,,188,88,,78
4) MAP,3894799,194,198,208,2,2,7,182,187,193,1,1,3
4) MAP,3897758,187,198,207,96,98,99,193,206,201,99,99,95
4) MAP,3898751,147,,159,12,,6,157,,154,40,,6
4) MAP,3899742,184,,187,67,,37,167,183,190,28,48,51
4) MAP,3900758,140,146,165,5,2,14,155,160,164,34,21,19
4) MAP,3904754,152,170,177,21,43,44,156,172,189,37,54,80
4) MAP,3904783,161,160,180,45,17,53,151,163,173,23,28,39
4) MAP,3904795,,,150,,,25,,,152,,,31
4) MAP,3905749,239,,245,79,,80,209,,218,30,,45
4) MAP,3908752,152,166,164,21,31,12,151,156,156,23,14,8
4) MAP,3909795,,,156,,,41,122,,144,2,,12
4) MAP,3910791,170,179,,26,30,,166,188,,26,62,
4) MAP,3919753,174,178,184,80,67,65,163,174,183,58,60,66
4) MAP,3921730,143,157,171,47,69,82,152,154,161,81,61,61
4) MAP,3923419,222,,240,32,,62,203,,197,14,,4
4) MAP,3927418,,,,,,,,,139,,,1
4) MAP,3928418,,,179,,,3,,,140,,,1
4) MAP,3930716,193,183,185,87,42,31,184,177,175,70,33,16
4) MAP,3933419,128,139,150,9,17,25,136,138,155,27,12,41
4) MAP,3937713,181,185,196,59,48,65,159,174,169,14,26,8
4) MAP,3939795,137,147,169,28,38,77,144,161,172,55,82,89
4) MAP,3945752,166,174,173,59,55,32,177,182,187,90,80,75
4) MAP,3946719,153,158,155,3,1,1,154,152,152,8,2,1
4) MAP,3951411,,187,202,,1,3,,166,177,,1,1
4) MAP,3952411,,136,174,,1,1,,118,148,,1,1
4) MAP,3953757,176,183,190,83,80,81,175,194,198,88,96,93
4) MAP,3954757,176,,195,83,,90,169,,181,75,,61
4) MAP,3958758,115,124,129,1,2,1,127,128,133,7,2,2
4) MAP,3965752,161,,175,45,,38,159,,174,46,,42
4) MAP,3971417,191,200,203,6,11,11,203,206,203,39,39,26
4) MAP,3975735,,,120,,,1,,,130,,,1
4) MAP,3978417,130,138,149,12,15,22,131,143,151,14,23,28
4) MAP,3981786,189,186,203,80,52,82,172,197,200,40,82,76
4) MAP,3985412,159,168,184,90,92,97,161,152,175,95,54,93
4) MAP,3988717,189,190,209,80,64,92,195,182,199,89,46,74
4) MAP,3988786,189,,210,1,,12,191,,192,4,,3
4) MAP,3989732,147,158,171,61,72,82,145,157,160,59,71,58
4) MAP,6001455,182,,192,21,,20,185,,188,37,,22
4) MAP,6006709,224,,229,36,,38,224,,228,62,,65
4) MAP,6008480,212,210,213,,,,178,176,173,,,
4) MAP,6008728,234,,240,59,,62,200,,214,10,,29
4) MAP,6010728,233,,243,67,,76,228,,229,79,,74
4) MAP,6015515,137,149,,3,3,,150,147,,21,4,
4) MAP,6016486,165,,,15,,,151,,,5,,
4) MAP,6021701,198,200,208,15,26,37,193,190,196,16,17,22
4) MAP,6041774,205,203,210,54,34,43,208,192,212,72,21,65
4) MAP,6044701,198,204,208,33,36,37,190,183,203,25,7,40
4) MAP,6065755,192,,206,4,,11,169,,182,1,,1
4) MAP,6070477,183,,195,64,,62,179,,182,58,,30
4) MAP,6075475,190,,211,43,,73,199,,208,73,,73
4) MAP,6079486,197,,,65,,,202,,,79,,
4) MAP,6079580,197,,209,93,,92,194,,198,88,,71
4) MAP,6083589,198,209,214,94,97,96,194,204,213,88,92,94
4) MAP,6084584,184,,196,67,,65,178,,190,55,,51
4) MAP,6089492,230,,242,50,,66,236,,230,87,,70
4) MAP,6095715,152,166,169,2,6,4,149,154,166,4,2,6
4) MAP,6101705,194,,200,23,,19,186,,191,17,,13
4) MAP,6102764,171,207,208,1,45,37,177,207,207,6,61,51
4) MAP,6104492,192,,214,50,,80,197,,197,68,,44
4) MAP,6105554,166,181,189,59,75,78,169,175,181,75,63,61
4) MAP,6107422,202,205,208,45,39,37,186,207,203,17,61,40
4) MAP,6124484,221,220,218,72,56,42,199,201,205,28,27,30
4) MAP,6129559,,,,,,,,,204,,,
4) MAP,6133701,227,,233,53,,56,211,,230,35,,76
4) MAP,6140559,198,207,214,15,23,32,204,206,210,41,39,44
4) MAP,6148594,170,,187,26,,37,160,,185,15,,38
4) MAP,6151786,205,210,227,29,29,66,197,197,209,24,18,41
4) MAP,6170421,216,,224,97,,95,210,222,216,91,97,88
4) MAP,6170531,170,170,182,70,43,59,157,156,160,40,14,12
4) MAP,6177535,183,,192,64,,52,187,,195,76,,64
4) MAP,6179739,213,211,221,76,57,73,202,210,212,56,69,65
4) MAP,6180554,176,180,192,43,33,52,162,171,176,18,20,18
4) MAP,6186594,243,,264,77,,95,223,,231,60,,72
4) MAP,6187717,249,250,248,99,99,97,232,,235,96,,94
4) MAP,6191449,214,215,228,53,42,68,195,,209,20,,41
4) MAP,6193471,190,,198,43,,35,203,204,192,81,74,31
4) MAP,6207466,197,,214,65,,80,194,219,217,61,95,89
4) MAP,6208778,166,172,169,17,14,4,179,181,193,58,43,59
4) MAP,6228775,194,204,211,56,67,73,205,205,211,84,76,79
4) MAP,6237454,192,207,213,50,75,78,184,192,186,35,43,18
4) MAP,6243701,201,209,211,42,51,46,183,194,197,12,26,25
4) MAP,6244792,213,,217,76,,63,205,,219,64,,81
4) MAP,6245775,204,,218,51,,65,181,,180,9,,3
4) MAP,6246791,211,221,225,71,82,81,216,223,228,87,92,93
4) MAP,6252476,202,202,214,78,61,80,,185,193,,25,33
4) MAP,6253466,234,,239,69,,69,229,,227,81,,69
4) MAP,6254725,245,,257,81,,90,213,,223,34,,52
4) MAP,6270587,198,,208,94,,91,196,,201,90,,78
4) MAP,6280429,166,,182,2,,5,179,185,183,23,25,13
4) MAP,6284716,197,204,217,13,17,39,185,186,193,6,5,9
4) MAP,6287424,197,195,205,30,15,30,202,201,195,56,44,20
4) MAP,6298551,207,203,210,60,34,43,196,196,197,40,30,25
4) MAP,6302593,203,,223,97,,99,208,,228,98,,99
4) MAP,6306718,200,,210,39,,43,193,,213,32,,67
4) MAP,6309510,228,,,45,,,,,,,,
4) MAP,6313482,200,,207,74,,62,182,,202,30,,58
4) MAP,6313764,215,214,220,56,40,47,201,,209,33,,41
4) MAP,6316700,213,222,230,76,84,89,209,212,211,74,73,62
4) MAP,6318781,218,,230,86,,89,209,,204,74,,42
4) MAP,6319413,167,177,183,1,1,2,153,175,178,1,2,2
4) MAP,6321709,231,241,237,98,99,96,232,228,238,99,96,99
4) MAP,6329583,183,,183,64,,25,158,,176,12,,18
4) MAP,6337548,185,,182,29,,5,176,182,184,18,19,15
4) MAP,6352471,182,,215,21,,82,190,,188,50,,22
4) MAP,6353457,242,,233,84,,56,234,,223,89,,59
4) MAP,6364740,213,210,209,50,29,21,200,207,204,31,42,28
4) MAP,6366445,211,211,224,71,57,79,217,210,220,89,69,83
4) MAP,6367510,193,196,211,21,17,46,194,204,201,34,52,34
4) MAP,6382729,174,,172,1,,1,174,,171,1,,1
4) MAP,6389430,179,,,15,,,154,,,1,,
4) MAP,6392587,179,200,206,52,88,88,171,174,184,38,26,35
4) MAP,6393514,194,,212,56,,75,197,198,204,68,59,63
4) MAP,6398510,177,,187,11,,11,176,181,182,18,17,12
4) MAP,6399536,184,,199,67,,73,189,,194,80,,62
4) MAP,6402582,190,,206,82,,88,185,,200,72,,76
4) MAP,6404472,181,190,181,4,8,1,171,182,182,2,7,4
4) MAP,6407454,202,,216,78,,84,190,,207,50,,71
4) MAP,6413712,198,202,209,33,31,40,193,194,193,32,26,17
4) MAP,6420445,194,,189,56,,14,181,,182,28,,12
4) MAP,6421484,175,,177,9,,2,173,,174,13,,4
4) MAP,6426586,190,186,191,82,52,49,176,177,188,50,33,46
4) MAP,6430485,,,157,,,1,155,148,162,1,1,1
4) MAP,6430726,183,184,193,6,3,8,166,169,175,1,1,1
4) MAP,6438583,171,174,185,29,18,31,163,183,186,20,48,40
4) MAP,6439472,182,,191,1,,1,179,,181,1,,1
4) MAP,6450779,206,208,207,31,25,17,201,206,211,33,39,46
4) MAP,6454444,181,,205,19,,56,186,190,193,40,38,33
4) MAP,6461743,212,211,216,47,32,37,225,232,230,90,94,89
4) MAP,6465584,140,142,154,37,24,35,144,157,160,55,71,58
4) MAP,6473559,136,151,176,25,51,90,140,151,165,40,50,73
4) MAP,6479482,162,161,154,11,2,1,145,146,156,2,1,1
4) MAP,6479729,219,,230,88,,89,208,,215,72,,72
4) MAP,6491407,171,,185,73,,68,168,,176,73,,48
4) MAP,6494482,163,,168,1,,1,153,,175,1,,5
4) MAP,6499487,205,208,218,98,96,98,196,204,207,90,92,88
4) MAP,6500583,184,190,199,67,64,73,184,195,204,70,78,83
4) MAP,6507436,209,215,213,91,90,78,205,211,213,84,87,83
4) MAP,6507462,205,,224,85,,95,208,,213,89,,83
4) MAP,6509532,,175,,,97,,,168,,,94,
4) MAP,6511588,177,,191,11,,18,186,161,183,40,1,13
4) MAP,6512478,187,,198,34,,35,197,186,185,68,28,16
4) MAP,6521723,196,213,219,28,63,68,204,200,216,62,41,75
4) MAP,6533772,217,,235,30,,60,218,,219,55,,48
4) MAP,6535752,202,197,205,22,7,14,191,173,182,13,1,2
4) MAP,6542700,225,229,239,95,93,97,217,208,218,89,63,79
4) MAP,6544537,190,187,198,82,55,70,156,172,179,10,22,24
4) MAP,6552486,197,,221,65,,92,193,,211,58,,79
4) MAP,6557435,180,186,188,17,16,12,161,182,177,3,19,6
4) MAP,6559723,205,207,214,54,45,54,196,201,202,40,44,37
4) MAP,6560530,191,198,201,84,84,78,189,191,199,80,69,74
4) MAP,6565750,200,203,208,39,34,37,187,182,165,19,7,1
4) MAP,6568583,201,,214,96,,96,199,,210,93,,91
4) MAP,6572514,204,,222,83,,93,219,211,223,97,87,95
4) MAP,6578478,165,,191,2,,18,164,159,177,4,1,6
4) MAP,6584462,201,207,212,42,45,49,191,204,207,27,52,51
4) MAP,6586730,229,,239,97,,97,216,,227,87,,93
4) MAP,6598776,209,217,234,91,93,99,218,223,222,97,97,94
4) MAP,6601407,199,,196,71,,29,194,192,194,61,43,36
4) MAP,6601489,205,,204,85,,53,197,,205,68,,66
4) MAP,6602406,196,,,62,,,200,,,75,,
4) MAP,6604474,190,191,199,43,28,38,191,186,182,53,28,12
4) MAP,6605400,247,253,,71,79,,234,233,249,74,71,
4) MAP,6609770,192,,198,18,,15,193,,211,32,,62
4) MAP,6611425,214,213,223,96,87,94,208,200,207,89,65,71
4) MAP,6627761,206,206,214,57,42,54,201,195,205,53,28,45
4) MAP,6629533,186,192,202,73,70,80,180,186,195,60,56,64
4) MAP,6640721,207,,223,60,,77,207,,212,69,,65
4) MAP,6644556,161,169,168,45,40,19,161,175,176,52,63,48
4) MAP,6651764,201,,,7,,,208,,,28,,
4) MAP,6654770,209,,217,65,,63,188,,224,20,,89
4) MAP,6662423,193,202,208,53,61,65,185,186,204,37,28,63
4) MAP,6665742,195,195,207,25,15,35,185,198,197,15,36,25
4) MAP,6668441,166,,179,2,,3,168,172,179,7,6,8
4) MAP,6668470,164,,177,14,,13,151,,163,5,,4
4) MAP,6669728,214,219,231,78,78,91,209,211,226,74,71,91
4) MAP,6669797,222,215,223,92,68,77,208,205,220,72,55,83
4) MAP,6677765,188,197,197,11,19,14,182,189,182,11,16,4
4) MAP,6678701,221,228,235,72,76,83,213,,218,66,,66
4) MAP,6680484,,222,228,,97,97,,210,220,,86,93
4) MAP,6682516,207,,211,88,,73,191,206,199,53,78,49
4) MAP,6692537,,,176,,,11,171,,169,38,,8
4) MAP,6697701,241,,248,74,,78,236,,238,87,,85
4) MAP,6701796,184,,198,67,,70,176,,194,50,,62
4) MAP,6704781,202,,210,45,,43,204,,200,62,,32
4) MAP,6716745,204,204,212,27,17,27,199,207,206,28,42,33
4) MAP,6728420,170,,190,4,,16,150,154,159,1,1,1
4) MAP,6729796,198,203,214,33,34,54,198,207,207,45,61,51
4) MAP,6738725,204,,211,51,,46,207,,220,69,,83
4) MAP,6742400,190,199,203,15,24,25,193,199,195,32,38,20
4) MAP,6744703,233,,242,67,,74,190,,208,3,,21
4) MAP,6751776,196,208,203,28,48,25,187,195,200,19,28,32
4) MAP,6754555,181,188,200,59,58,76,189,201,203,80,88,82
4) MAP,6761413,227,238,241,84,92,91,208,,215,53,,58
4) MAP,6765465,160,175,180,42,58,53,177,177,176,90,68,48
4) MAP,6768595,147,160,156,12,17,4,149,142,159,19,2,11
4) MAP,6774488,234,,234,83,,70,212,,217,49,,52
4) MAP,6774713,227,,,53,,,203,,,18,,
4) MAP,6775454,205,213,217,85,87,86,210,211,214,91,87,85
4) MAP,6779704,185,199,214,8,24,54,188,201,201,20,44,34
4) MAP,6783494,189,,201,40,,44,177,182,188,19,19,22
4) MAP,6783703,212,,205,21,,7,204,,204,19,,14
4) MAP,6785496,195,198,209,59,48,68,187,181,184,42,17,15
4) MAP,6787558,188,188,195,78,58,62,196,191,180,90,69,26
4) MAP,6788550,180,201,208,56,89,91,181,200,193,63,87,59
4) MAP,6797776,177,190,192,2,8,7,177,183,194,6,7,18
4) MAP,6811555,178,187,205,49,55,86,179,177,202,58,33,80
4) MAP,6825715,230,230,237,89,80,86,217,219,215,76,74,58
4) MAP,6827555,150,,166,17,,15,140,,158,6,,10
4) MAP,6828475,194,,217,56,,86,198,,212,71,,81
4) MAP,6828489,183,,204,23,,53,193,210,198,58,86,47
4) MAP,6836438,194,,205,89,,86,189,,202,80,,80
4) MAP,6840444,206,,215,19,,25,203,,208,26,,28
4) MAP,6844552,210,205,209,42,19,21,175,205,199,1,37,18
4) MAP,6850751,179,177,187,1,1,1,160,170,195,1,1,11
4) MAP,6855775,200,214,215,39,65,57,204,214,205,62,78,45
4) MAP,6858532,,174,,,18,,,163,,,8,
4) MAP,6861754,234,,237,50,,51,216,,250,36,,94
4) MAP,6865785,200,205,219,39,39,68,206,203,213,67,49,67
4) MAP,6868424,208,207,219,36,23,45,190,189,196,11,7,13
4) MAP,6881423,216,215,228,97,90,97,209,221,214,90,97,85
4) MAP,6882724,207,218,218,60,76,65,196,209,212,40,66,65
4) MAP,6884542,188,,188,37,,12,192,,188,56,,22
4) MAP,6892557,157,,172,33,,29,161,,164,52,,19
4) MAP,6892720,199,194,199,36,14,17,196,189,191,40,16,13
4) MAP,6901473,222,216,223,74,45,55,213,214,221,66,62,73
4) MAP,6903589,160,,171,8,,5,157,,198,11,,71
4) MAP,6903729,208,,205,15,,7,211,,206,35,,17
4) MAP,6905514,182,189,189,62,61,43,169,183,191,33,48,54
4) MAP,6906462,211,205,218,93,70,87,205,205,206,84,76,68
4) MAP,6906748,227,246,241,84,98,91,220,,217,82,,63
4) MAP,6908776,218,217,228,86,73,86,215,214,213,86,78,67
4) MAP,6913413,202,,218,45,,65,185,,208,15,,54
4) MAP,6918700,194,,193,3,,2,209,,189,30,,2
4) MAP,6932476,179,,182,15,,5,193,180,187,58,16,20
4) MAP,6932481,219,214,229,98,89,98,207,198,211,87,59,79
4) MAP,6933475,208,,212,90,,75,203,209,210,81,84,77
4) MAP,6937589,175,179,196,40,30,65,171,175,192,38,28,56
4) MAP,6940484,196,,205,62,,56,188,199,207,45,62,71
4) MAP,6940551,,,,,,,,,145,,,14
4) MAP,6955747,219,,227,48,,53,223,,235,77,,90
4) MAP,6963724,235,,252,99,,99,214,,226,84,,91
4) MAP,6964423,178,183,192,13,11,20,179,182,183,23,19,13
4) MAP,6970489,191,,207,47,,62,187,,199,42,,49
4) MAP,6981729,182,188,,1,2,,180,193,,3,12,
4) MAP,6983497,195,196,213,59,42,78,186,194,208,40,48,73
4) MAP,6988706,195,200,204,25,26,27,187,195,200,19,28,32
4) MAP,6990474,192,,205,50,,56,202,,211,79,,79
4) MAP,6993400,246,,252,96,,95,240,,244,97,,97
4) MAP,7003626,161,,163,1,,1,,,155,,,1
4) MAP,7014151,247,,,,,,,,,,,
4) MAP,7015129,228,,232,56,,53,210,,213,33,,32
4) MAP,7015927,,,227,,,32,218,,200,41,,8
4) MAP,7018116,214,,210,17,,8,219,,219,49,,41
4) MAP,7019385,232,,230,65,,49,220,,222,60,,56
4) MAP,7022911,228,,235,35,,44,,,226,,,56
4) MAP,7027145,212,,217,14,,16,216,,220,41,,44
4) MAP,7032867,210,209,216,42,27,37,202,204,206,36,34,33
4) MAP,7033324,219,,223,48,,44,217,,220,63,,60
4) MAP,7034190,,238,,,72,,,229,,,78,
4) MAP,7038811,246,,254,82,,87,219,,229,49,,67
4) MAP,7052861,195,,,25,,,196,,,40,,
4) MAP,7055001,,213,229,,11,35,212,,223,27,,50
4) MAP,7055265,,252,254,,83,83,,245,243,,93,90
4) MAP,7056321,230,,241,75,,83,216,,225,60,,72
4) MAP,7065366,230,,236,75,,74,213,,218,52,,54
4) MAP,7068837,237,240,252,96,94,98,238,240,241,99,98,98
4) MAP,7069330,227,,228,68,,56,204,,215,28,,46
4) MAP,7075887,213,,214,33,,23,199,,209,18,,31
4) MAP,7082355,235,,245,61,,72,217,,231,44,,72
4) MAP,7082887,189,198,209,13,21,40,206,200,214,67,41,70
4) MAP,7085069,201,,,4,,,,,,,,
4) MAP,7102360,226,,231,66,,63,217,,223,63,,67
4) MAP,7107374,159,166,162,1,1,1,159,159,168,1,1,1
4) MAP,7108975,245,,,72,,,,,,,,
4) MAP,7117806,248,,258,85,,91,221,,227,55,,62
4) MAP,7119347,202,,206,13,,11,215,,216,57,,49
4) MAP,7122261,221,219,230,23,19,37,,,,,,
4) MAP,7122931,217,211,221,22,10,22,215,214,215,39,31,31
4) MAP,7127814,151,163,168,1,1,1,150,158,159,1,1,1
4) MAP,7133360,227,,237,43,,56,220,,227,52,,62
4) MAP,7137664,240,,,72,,,217,,232,44,,74
4) MAP,7140362,204,,222,16,,41,211,,211,46,,36
4) MAP,7145259,208,,,7,,,,,,,,
4) MAP,7147829,235,240,250,94,94,97,222,220,235,85,77,94
4) MAP,7164837,223,,233,44,,56,210,,221,33,,54
4) MAP,7164855,227,,226,68,,51,201,,214,22,,43
4) MAP,7171374,244,,236,79,,53,229,,232,74,,74
4) MAP,7172169,252,,,94,,,,,,,,
4) MAP,7174356,223,,228,44,,44,230,,,83,,
4) MAP,7177845,195,,,5,,,181,,,1,,
4) MAP,7184024,,203,,,4,,,,,,,
4) MAP,7194127,227,,229,53,,47,217,,223,52,,59
4) MAP,7197134,190,,209,3,,15,189,,181,5,,1
4) MAP,7203356,206,,212,19,,20,211,,210,46,,33
4) MAP,7205601,214,,216,24,,20,200,,200,13,,8
4) MAP,7205860,196,193,205,12,4,14,191,199,198,13,22,16
4) MAP,7210381,193,,,3,,,,,,,,
4) MAP,7212899,215,215,220,56,42,47,209,206,228,55,39,86
4) MAP,7216389,221,221,225,39,34,38,214,213,218,44,36,45
4) MAP,7222208,,222,,,24,,,216,,,32,
4) MAP,7231808,187,185,196,34,14,29,169,194,202,8,48,58
4) MAP,7232331,215,,210,38,,17,213,,212,52,,38
4) MAP,7239537,,,,,,,225,,,55,,
4) MAP,7246871,220,,227,37,,42,226,,228,75,,72
4) MAP,7253149,235,,246,71,,81,229,,239,81,,91
4) MAP,7258827,144,155,165,1,1,1,132,144,156,1,1,1
4) MAP,7266381,225,226,235,49,45,60,229,,219,81,,48
4) MAP,7267108,204,211,207,16,22,12,202,206,207,24,28,26
4) MAP,7274870,253,247,268,99,98,99,229,230,233,94,92,93
4) MAP,7278305,224,226,243,78,72,93,240,,236,99,,95
4) MAP,7284970,,,188,,,1,,,179,,,1
4) MAP,7286321,230,,251,75,,94,227,,240,85,,95
4) MAP,7290602,233,,228,57,,36,221,,225,55,,57
4) MAP,7301196,234,,240,59,,62,232,,229,80,,67
4) MAP,7305324,203,,210,14,,17,198,,196,16,,8
4) MAP,7312815,229,,236,73,,74,219,,219,68,,57
4) MAP,7316693,,242,249,,64,71,,234,233,,75,71
4) MAP,7321854,217,,226,22,,32,219,,227,49,,62
4) MAP,7324316,,,238,,,58,,,223,,,52
4) MAP,7326142,242,,256,76,,89,235,,233,85,,76
4) MAP,7328640,,,209,,,8,,,217,,,36
4) MAP,7328845,,,145,,,1,139,,149,1,,1
4) MAP,7331823,224,221,228,78,59,68,209,217,214,55,70,55
4) MAP,7341841,228,,221,45,,22,214,,,36,,
4) MAP,7342384,221,,210,39,,12,213,,224,41,,62
4) MAP,7342893,220,225,242,69,69,92,208,,219,53,,68
4) MAP,7344664,231,,227,52,,34,226,,221,67,,46
4) MAP,7353300,203,,187,14,,1,202,,190,24,,4
4) MAP,7353893,205,210,220,29,29,47,180,,176,3,,1
4) MAP,7356660,232,,239,54,,60,226,,219,67,,41
4) MAP,7362183,233,,240,81,,82,229,,222,88,,65
4) MAP,7368854,197,,194,7,,2,182,,207,2,,26
4) MAP,7375107,226,,236,51,,62,219,,216,58,,40
4) MAP,7375870,220,219,226,69,53,63,195,,214,20,,55
4) MAP,7380766,204,,,,,,200,,,,,
4) MAP,7382142,209,213,221,16,19,29,214,222,217,44,61,43
4) MAP,7389884,240,,245,80,,80,228,,238,79,,90
4) MAP,7400328,232,,237,79,,76,212,,217,49,,52
4) MAP,7401312,215,,218,26,,24,203,,,18,,
4) MAP,7408829,223,228,226,76,76,63,209,214,221,55,62,73
4) MAP,7410801,227,,247,68,,91,216,,228,60,,79
4) MAP,7416855,232,,227,54,,34,206,,215,19,,31
4) MAP,7418100,218,,224,33,,36,237,,234,93,,84
4) MAP,7433342,199,,212,36,,49,200,,198,51,,27
4) MAP,7437225,235,,,52,,,,,,,,
4) MAP,7440885,196,,195,6,,3,177,,201,1,,15
4) MAP,7443355,213,,216,23,,20,199,182,184,11,1,1
4) MAP,7443864,231,236,246,90,90,95,202,208,219,36,45,68
4) MAP,7449606,211,,219,13,,19,214,,224,36,,54
4) MAP,7452823,240,243,252,97,96,98,231,,240,95,,97
4) MAP,7453170,223,,233,44,,56,211,,225,35,,64
4) MAP,7454840,126,,144,1,,1,140,,165,6,,21
4) MAP,7459397,212,,206,31,,11,175,,171,1,,1
4) MAP,7460315,191,,201,2,,5,186,,182,2,,1
4) MAP,7462348,216,,210,15,,,206,,,13,,
4) MAP,7465924,202,,203,5,,4,219,,213,49,,27
4) MAP,7466801,221,,218,54,,32,211,,230,46,,82
4) MAP,7470818,204,,206,16,,11,204,,197,28,,9
4) MAP,7472892,220,217,,69,48,,224,,,88,,
4) MAP,7477295,222,,,25,,,229,231,228,69,69,60
4) MAP,7482001,218,221,,,,,,,,,,
4) MAP,7492159,203,208,210,14,17,17,213,196,210,52,10,33
4) MAP,7493862,,210,214,,29,32,,208,210,,45,44
4) MAP,7498608,237,,,66,,,236,,,87,,
4) MAP,7499818,224,,223,36,,26,210,,210,27,,20
4) MAP,7506127,254,,270,95,,99,238,,244,94,,95
4) MAP,7507145,236,,242,63,,66,223,,236,60,,82
4) MAP,7509115,238,,244,68,,70,226,,234,67,,78
4) MAP,7517170,237,,245,75,,80,230,,221,83,,54
4) MAP,7518314,264,,262,98,,94,249,,251,98,,97
4) MAP,7518864,198,193,201,15,4,9,197,209,208,24,48,38
4) MAP,7522330,245,,251,95,,94,227,,235,85,,90
4) MAP,7525991,226,,230,40,,40,209,,201,24,,7
4) MAP,7526339,229,,240,47,,62,223,,231,60,,72
4) MAP,7535330,253,,250,99,,94,245,,239,99,,94
4) MAP,7548997,220,,228,22,,33,206,,223,13,,48
4) MAP,7552628,225,,224,38,,28,216,,209,41,,18
4) MAP,7552826,218,215,216,64,42,37,207,,210,50,,44
4) MAP,7581124,252,,256,94,,93,236,,233,92,,82
4) MAP,7581352,222,,210,42,,12,198,,196,10,,5
4) MAP,7581951,,,,,,,223,,,49,,
4) MAP,7583839,223,226,237,76,72,86,200,,206,31,,33
4) MAP,7585198,226,,,40,,,,,,,,
4) MAP,7585849,209,210,220,25,21,36,198,202,197,16,20,9
4) MAP,7589846,219,,230,48,,61,210,,208,44,,28
4) MAP,7591328,206,213,219,57,63,68,182,200,199,11,41,29
4) MAP,7592642,250,,256,88,,89,235,,239,85,,87
4) MAP,7600875,214,215,221,53,42,50,195,,210,20,,44
4) MAP,7617668,178,,189,1,,1,185,,192,1,,3
4) MAP,7622145,,,249,,,79,217,,220,44,,44
4) MAP,7624122,237,240,231,75,76,51,224,,221,71,,54
4) MAP,7637819,195,197,205,10,7,14,202,215,211,36,64,46
4) MAP,7639395,202,,,4,,,189,,,2,,
4) MAP,7641909,223,,220,34,,21,205,,215,17,,31
4) MAP,7642334,244,248,262,99,98,99,235,,243,98,,98
4) MAP,7649602,247,,255,84,,88,226,,236,67,,82
4) MAP,7651809,219,217,,67,48,,233,236,233,97,97,93
4) MAP,7653826,246,,248,89,,84,219,,233,58,,82
4) MAP,7656195,246,,255,96,,97,235,,238,94,,93
4) MAP,7657380,257,,251,97,,88,239,,237,94,,89
4) MAP,7670828,191,203,198,16,34,15,181,189,197,9,16,25
4) MAP,7677864,224,229,229,78,78,71,202,196,214,36,16,55
,7686344,213,,223,23,,33,191,,213,4,,32
,7687261,217,,,16,,,,,,,,
,7689380,207,,213,13,,16,205,,209,21,,23
,7690335,203,210,218,24,29,42,195,,211,20,,46
,7691338,211,221,,45,59,,217,224,,76,84,
,7694925,216,,219,20,,19,207,,211,20,,22
,7699336,194,,197,5,,4,184,,188,2,,3
,7702835,212,216,213,47,45,29,199,221,213,28,79,52
,7705117,236,,244,63,,70,229,,,74,,
,7705384,245,257,259,99,99,99,233,,233,97,,93
,7706837,220,226,232,69,72,77,193,,202,16,,23
,7709155,240,,243,72,,68,219,,229,49,,67
,7716106,201,,212,7,,15,202,,212,16,,30
,7718333,222,,227,56,,53,217,,219,63,,57
,7730847,201,213,221,11,26,39,209,210,202,41,38,16
,7740310,221,,223,39,,33,207,,222,26,,56
,7740818,215,,228,26,,44,204,,213,19,,32
,7741168,239,,245,79,,80,231,,232,85,,80
,7767882,237,239,241,96,93,91,217,221,230,76,79,89
,7769001,,231,,,38,,,230,,,65,
,7769346,258,,,95,,,228,,235,72,,80
,7769693,206,,212,8,,10,185,,177,1,,1
,7776346,224,228,227,61,63,53,223,218,231,77,60,84
,7776899,243,,238,77,,58,240,,246,92,,94
,7783610,,,242,,,66,,,225,,,57
,7800117,213,,225,16,,30,207,,204,20,,11
,7800624,261,,268,96,,97,250,,256,98,,99
,7800851,220,,220,37,,27,206,,205,23,,15
,7805622,256,,264,94,,95,240,,235,92,,80
,7813869,,208,217,,25,39,,,214,,,55
,7821335,228,,220,56,,27,205,,215,21,,37
,7825381,269,,267,99,,97,241,,234,93,,78
,7825665,248,,247,85,,76,221,,225,55,,57
,7827378,191,198,202,6,8,10,195,,201,20,,21
,7830811,201,207,226,20,23,63,179,,194,2,,10
,7832164,224,,226,61,,51,212,,218,49,,54
,7833168,262,,257,98,,93,234,,225,89,,64
,7835259,,236,,,51,,,224,,,52,
,7839397,217,,226,43,,51,217,,225,63,,72
,7841126,231,,247,63,,83,214,,228,44,,72
,7849317,224,,,46,,,233,,,88,,
,7852832,259,260,267,99,99,99,236,,224,98,,79
,7857174,223,,245,44,,80,226,,231,75,,78
,7866116,257,,260,94,,93,233,,233,82,,76
,7877596,217,213,,18,11,,,,,,,
,7879622,247,,255,84,,88,229,,219,74,,41
,7879696,219,,224,26,,28,193,,212,4,,24
,7883893,213,218,234,50,51,81,209,,215,55,,58
,7902890,205,,205,17,,10,209,,203,41,,18
,7907827,238,241,246,96,95,95,225,,236,90,,95
,7910156,193,,198,3,,3,183,,190,1,,2
,7916122,255,,255,96,,92,242,,237,96,,89
,7921306,209,,,,,,191,,,,,
,7925664,234,,245,59,,72,233,,233,82,,76
,7927341,234,228,226,59,39,32,220,,210,52,,20
,7928302,221,,232,54,,66,214,,218,55,,54
,7929386,183,,183,1,,1,176,,,1,,
,7931338,221,,225,54,,49,196,,215,13,,46
,7939148,158,,156,1,,1,,,152,,,1
,7940372,205,,217,17,,30,208,,213,38,,41
,7948228,189,,,,,,197,,,,,
,7952870,214,214,211,53,40,25,193,,202,16,,23
,7957321,242,,248,93,,92,212,,219,49,,57
,7959611,199,,210,3,,8,191,,200,3,,7
,7964154,228,,224,45,,28,198,,213,8,,26
,7969302,224,,234,61,,70,223,,,77,,
,7969650,212,216,204,14,16,4,211,,186,29,,1
,7972363,228,,240,56,,71,224,,225,71,,64
,7973153,,,222,,,24,221,,213,55,,26
,7980803,207,210,212,60,54,49,174,185,193,4,10,17
,7980898,208,209,213,36,27,29,203,,221,39,,73
,7984664,225,,239,38,,60,224,,222,62,,49
,7987305,219,,229,48,,58,224,,223,79,,67
,7988838,207,221,223,34,59,55,211,224,211,61,84,46
,7990395,206,,210,12,,12,192,,,4,,
,7995138,249,,256,87,,89,235,,,85,,
,7997167,225,,231,49,,51,222,,223,66,,59